genre_name,preview_url,preview_track,color,top_pixel,left_pixel,font_size
rock,https://p.scdn.co/mp3-preview/c5efbed38649f0676181dc6bb6e3c8644925726e,"Black Sabbath ""Paranoid - 2012 - Remaster""","rgb(172, 113, 25)",11552,563,141
urbano latino,https://p.scdn.co/mp3-preview/486bdd86843f0ac2f401859e84ba9b5472d115cb,"Darell ""Lollipop""","rgb(189, 144, 2)",3456,1170,136
rap,https://p.scdn.co/mp3-preview/6a8b8a604866070283a65bc021cb51330555e9c7,"Gucci Mane ""Wake Up in the Sky""","rgb(167, 138, 3)",5866,1068,144
pop,https://p.scdn.co/mp3-preview/17fa164b977074dd1b1869bfb10b08cfd513e53b,"Demi Lovato ""Heart Attack""","rgb(173, 137, 7)",4997,783,160
hip hop,https://p.scdn.co/mp3-preview/f27225424bca80900ee9a32f4a494c900a012200,"Nas ""N.Y. State of Mind""","rgb(172, 127, 8)",6854,1086,135
trap latino,https://p.scdn.co/mp3-preview/51d496e8d53059179863411b06ed2431ca2be92a,"Alex Rose ""Toda - Remix""","rgb(188, 145, 1)",3723,1182,134
reggaeton,https://p.scdn.co/mp3-preview/3c1278cf0eb6aba0f72552a3aa469dfed37d8e75,"Zion ""More""","rgb(192, 143, 2)",3087,1173,131
dance pop,https://p.scdn.co/mp3-preview/6de2791f84c1d637a0e24734b6df3997cc742da4,"Britney Spears ""Toxic""","rgb(183, 132, 11)",3478,862,131
pop rap,https://p.scdn.co/mp3-preview/d34545f442d5a3861c61afd164d7927b00c06531,"Soulja Boy ""Kiss Me Thru The Phone""","rgb(172, 136, 3)",5285,1043,128
modern rock,https://p.scdn.co/mp3-preview/a7a72315d777f4ed078d955238f9db158c915fc1,"Cage The Elephant ""Cigarette Daydreams""","rgb(189, 120, 18)",5689,471,127
pov: indie,https://p.scdn.co/mp3-preview/53c0dac3cd40e29fb0b9b6a22f03879a744f7105,"Cavetown ""Devil Town""","rgb(156, 135, 23)",7866,615,126
musica mexicana,https://p.scdn.co/mp3-preview/77d607329b195dceb8adc4fac811e2456c5ef410,"Voz De Mando ""Levantando Polvadera""","rgb(152, 143, 4)",13121,986,126
latin pop,https://p.scdn.co/mp3-preview/3829c17a7890155b43266bc3097cdddd8099a511,"La Quinta Estacion ""El Sol No Regresa""","rgb(174, 138, 3)",6316,826,126
classic rock,https://p.scdn.co/mp3-preview/6c1f5377ae30c65577835dce021c23bcf198591f,"Steppenwolf ""Born To Be Wild""","rgb(154, 121, 23)",13282,646,125
filmi,https://p.scdn.co/mp3-preview/2fae1d6e0e7a0c6ffdeb22472b8df6ddc9cef296,"Kavita Krishnamurthy ""Koi Mil Gaya""","rgb(139, 135, 25)",15070,772,124
permanent wave,https://p.scdn.co/mp3-preview/03da0b85c9fa2fb5e621e97d4fb145a17aaf7ef1,"Pixies ""Where Is My Mind? - Remastered""","rgb(171, 121, 31)",8984,488,124
trap,https://p.scdn.co/mp3-preview/1e15f2d4ac12c4f851604da51d13eccc5db47cef,"Rich Homie Quan ""Flex (Ooh, Ooh, Ooh)""","rgb(163, 143, 2)",5478,1064,124
alternative metal,https://p.scdn.co/mp3-preview/5efe16cd96fbb2c320332c1ba8f120909db22d21,"Drowning Pool ""Bodies""","rgb(214, 92, 35)",6864,306,124
k-pop,https://p.scdn.co/mp3-preview/33e5ec94a2f425d6b83a045a760be6bc90bba335,"EXID ""Up & Down""","rgb(186, 132, 20)",5326,777,123
r&b,https://p.scdn.co/mp3-preview/6527596393b3ea9d71d6e58b9f08c67fe69eac9e,"Xscape ""Who Can I Run To""","rgb(153, 139, 5)",6238,919,123
corrido,https://p.scdn.co/mp3-preview/cdb979187e3efd6a89c8cd8d3688f5818d8adb48,"Código FN ""Mood Malandro""","rgb(162, 139, 1)",13324,1062,122
canadian pop,https://p.scdn.co/mp3-preview/be044054206fc8cfabbcf3689f5cbbba32aabf76,"Shawn Desman ""Electric""","rgb(152, 138, 5)",9390,646,122
norteno,https://p.scdn.co/mp3-preview/5de4dbcb2385cecb5cb6f73d8f85438f956ff897,"Los Huracanes del Norte ""El Gato De Chihuahua""","rgb(152, 142, 3)",12859,1021,122
sierreno,https://p.scdn.co/mp3-preview/3c714f7761f69f05e01a9ef084e6f31d2f4a643d,"Hijos De Barron ""Y Si Se Quiere Ir""","rgb(159, 141, 1)",13402,1032,121
album rock,https://p.scdn.co/mp3-preview/4e8704349932ecb754e3c03cdf3b1563309627a0,"Boston ""More Than a Feeling""","rgb(174, 113, 25)",10880,490,121
soft rock,https://p.scdn.co/mp3-preview/0408c4e5f1d51b6b605429205342fde6930d96ea,"Kenny Loggins ""Footloose""","rgb(151, 128, 15)",10613,630,121
pop dance,https://p.scdn.co/mp3-preview/1164c378d1a70ec8cfa42a28dc108503e8f62768,"Alesso ""Words (feat. Zara Larsson)""","rgb(202, 129, 54)",2608,779,121
sad sierreno,https://p.scdn.co/mp3-preview/6b696210aaae9dd245c0a6c0adc6e9dd8afee523,"Nivel ""Adueñarme""","rgb(154, 145, 1)",13185,1005,121
edm,https://p.scdn.co/mp3-preview/89dff34e3b51bd0aaa6c3910debda6476fe66e4a,"Sebastian Ingrosso ""Reload - Radio Edit""","rgb(202, 128, 61)",2647,767,121
hard rock,https://p.scdn.co/mp3-preview/ad97ce828e504498e211b6525c5ccee86642786b,"Blue Öyster Cult ""(Don't Fear) The Reaper""","rgb(194, 98, 32)",10110,368,120
contemporary country,https://p.scdn.co/mp3-preview/3587df4ee9fd89943486a6b3ee7d0bb7c19bfb35,"Lee Brice ""One Of Them Girls""","rgb(165, 136, 1)",6852,554,120
mellow gold,https://p.scdn.co/mp3-preview/64de489763e2f6f83f1ea86152f322656fc494b6,"Carly Simon ""You're So Vain""","rgb(142, 130, 14)",12672,621,119
uk pop,https://p.scdn.co/mp3-preview/28f56f19466d4fd09f4e791e0f40bd694c5c6cf9,"Griff ""Vertigo""","rgb(152, 145, 4)",8311,760,119
melodic rap,https://p.scdn.co/mp3-preview/5375749526c97f47a4dd645ca575a107c3423c13,"Rich The Kid ""Plug Walk""","rgb(151, 156, 2)",4726,1060,119
modern bollywood,https://p.scdn.co/mp3-preview/330e51578b83cabf38fdffb11d7308bc86bad29a,"Amaal Mallik ""Soch Na Sake""","rgb(166, 131, 8)",8901,783,119
alternative rock,https://p.scdn.co/mp3-preview/eca519f0a85862d9510d57d59df557081d375e3a,"The White Stripes ""Seven Nation Army""","rgb(184, 109, 51)",9647,416,118
banda,https://p.scdn.co/mp3-preview/a9da152ba095773913e1826bfd19c78609b43496,"Banda Clave Nueva ""Cuál Adiós""","rgb(153, 142, 6)",11092,994,118
post-grunge,https://p.scdn.co/mp3-preview/6056f92c7dcd49c7abfa4fd5454772861b2e17ba,"Seether ""Fake It""","rgb(204, 108, 15)",5075,372,118
corridos tumbados,https://p.scdn.co/mp3-preview/737e02df2101ae364cdc908c68f50bc56ebdd633,"Esteban Gabriel ""Piel de Seda""","rgb(162, 143, 1)",13363,1009,118
sertanejo universitario,https://p.scdn.co/mp3-preview/f9a68036db8f21cf87fe8f129c4cc1d53ca91eb5,"João Bosco & Vinicius ""Fim da Noite - Ao Vivo""","rgb(190, 132, 1)",8841,832,118
nu metal,https://p.scdn.co/mp3-preview/902dacc92715211e588270b1f4e62fd3681e218e,"Mudvayne ""Happy?""","rgb(215, 94, 32)",5839,335,118
country,https://p.scdn.co/mp3-preview/327c020067dc3208aed124191674a27741179c52,"John Michael Montgomery ""Sold (The Grundy County Auction Incident)""","rgb(123, 141, 8)",12934,729,118
art pop,https://p.scdn.co/mp3-preview/559376c76e6833bf834b2cd49190be0c1531a456,"Julia Holter ""Sun Girl""","rgb(140, 139, 59)",9611,599,117
atl hip hop,https://p.scdn.co/mp3-preview/be360a507094a10639c1da4d1e8da31514d744dc,"Lil Jon & The East Side Boyz ""Get Low""","rgb(162, 142, 4)",4354,1062,117
urban contemporary,https://p.scdn.co/mp3-preview/6ff0fdd232b5d0434f1e30f1a86c47a3890c83aa,"Sisqo ""Thong Song""","rgb(158, 135, 7)",5618,937,117
sertanejo,https://p.scdn.co/mp3-preview/d7a71a211a5adbb009cb3d11c22c26d7b35e692c,"Rionegro & Solimões ""Chorando e Dançando""","rgb(179, 136, 0)",9856,808,117
southern hip hop,https://p.scdn.co/mp3-preview/2eb13d7dbfa77401e19d5950eac8cd3c02b76ffe,"JUVENILE ""Back That Azz Up""","rgb(168, 138, 2)",5426,1055,116
singer-songwriter,https://p.scdn.co/mp3-preview/6a17ed2e1ee8d45a933c4a86dd268ba8f12299a4,"Paul Simon ""You Can Call Me Al""","rgb(123, 136, 19)",14451,670,116
reggaeton colombiano,https://p.scdn.co/mp3-preview/c68c8081615f6d3ddca71be0871ae32c29cb074b,"Andy Rivera ""Alguien Me Gusta""","rgb(185, 146, 1)",3653,1159,116
arrocha,https://p.scdn.co/mp3-preview/125d70024c88bb1bf45666f6396dc21a181c416e,"Israel & Rodolffo ""Seu Brilho Sumiu - Ao Vivo""","rgb(187, 141, 0)",8462,961,116
french hip hop,https://p.scdn.co/mp3-preview/58d86b35819bf30c3cd3779b590511b3f672edd2,"Heuss L'enfoiré ""Saiyan""","rgb(174, 136, 5)",10918,1073,116
colombian pop,https://p.scdn.co/mp3-preview/421b190bc8aceef3ab60ae23839d3fb0d3d58366,"Fonseca ""Te Mando Flores""","rgb(180, 141, 1)",4479,1009,115
alt z,https://p.scdn.co/mp3-preview/dd93e63fb8dc92be561a59c12da03a281629cfef,"FLETCHER ""Bitter""","rgb(137, 149, 3)",8689,834,115
country road,https://p.scdn.co/mp3-preview/63867b119633ebf0164c0790a426c8bb3a6a006d,"Randy Houser ""Note to Self""","rgb(158, 137, 2)",7385,563,115
mexican pop,https://p.scdn.co/mp3-preview/414dd8f21e6f6d66345182fadc84ecb2f75d63db,"OV7 ""Shabadabada""","rgb(177, 136, 4)",5348,797,115
canadian hip hop,https://p.scdn.co/mp3-preview/cbf610556381f840a007e22c3464c49101f0e41c,"Puffy L'z ""Have It""","rgb(156, 143, 6)",8790,1026,115
j-pop,https://p.scdn.co/mp3-preview/32272361f0a4765efd6f50ee68873065bd447998,"Sukima Switch ""奏(かなで)""","rgb(187, 123, 21)",5268,519,115
indonesian pop,https://p.scdn.co/mp3-preview/1ea7ef6bda7fc8f4510440e442102bb912695aad,"Jaz ""Bersamamu""","rgb(143, 145, 9)",9650,568,115
singer-songwriter pop,https://p.scdn.co/mp3-preview/c36c954550003bcc96a355cbd2edfdd3069ad08f,"elijah woods ""24/7, 365""","rgb(137, 150, 3)",9101,813,115
ranchera,https://p.scdn.co/mp3-preview/c854bfb4703a1edc834234811c4d89119b6ae116,"Lucha Villa ""No Discutamos""","rgb(118, 149, 7)",14637,834,115
new wave pop,https://p.scdn.co/mp3-preview/14bab659cdd73644ed4dbe48409c370fd1b587a9,"Belinda Carlisle ""Heaven Is A Place On Earth - Promo 7"" Edit""","rgb(171, 125, 20)",5552,705,115
indietronica,https://p.scdn.co/mp3-preview/5f13f4fe96ec9766dfcf0ea5b977190245502a4b,"Phantogram ""Black Out Days""","rgb(167, 135, 71)",5143,677,115
german hip hop,https://p.scdn.co/mp3-preview/fde79b7f740702c6e292119e6ece55764b247d5d,"Jamule ""Liege wieder wach""","rgb(166, 142, 18)",9579,1070,115
pop urbaine,https://p.scdn.co/mp3-preview/d1f8288c1c6a5b26d3cbcb31c1718837757d88e1,"Niro ""Qui sait ? (feat. ElGrandeToto)""","rgb(171, 144, 3)",9076,1092,115
rock en espanol,https://p.scdn.co/mp3-preview/1687c34f87c13a2c8f76e7608e065218527fa295,"Maldita Vecindad Y Los Hijos Del 5to. Patio ""Kumbala""","rgb(182, 128, 13)",5172,739,115
latin alternative,https://p.scdn.co/mp3-preview/0c11ad00229b2e9a03c0c9b1bfbdbfd34ac4f0c4,"Aterciopelados ""Bolero Falaz""","rgb(177, 130, 18)",5892,765,115
gangster rap,https://p.scdn.co/mp3-preview/b97f4269cab242c0dd5721c5ba1a515f538fcb59,"Scarface ""Smile""","rgb(176, 125, 4)",6148,1103,114
soul,https://p.scdn.co/mp3-preview/b7d1edc8d69475f33a6025d4746bb02b04df4adc,"Curtis Mayfield ""Move On Up""","rgb(105, 135, 22)",16511,832,114
k-pop boy group,https://p.scdn.co/mp3-preview/8142182f260301c7bd47fd24003558307e114e80,"NOIR ""Airplane mode""","rgb(199, 124, 17)",4033,741,114
latin arena pop,https://p.scdn.co/mp3-preview/ea659448ef6ed8bccfcb444246e1057ddfc41a9c,"Río Roma ""Tú Me Gustas""","rgb(175, 136, 3)",6358,686,114
chicago rap,https://p.scdn.co/mp3-preview/5e37e03c759ee2aecb93090018eb90aa9e2efb3d,"Edai ""War""","rgb(165, 141, 8)",6791,1011,114
italian pop,https://p.scdn.co/mp3-preview/28765fd9281f1c6ae3b1163a53f8c4564eb8fff2,"Takagi & Ketra ""EVERYDAY (feat. Shiva, ANNA, Geolier)""","rgb(162, 139, 6)",9338,751,114
heartland rock,https://p.scdn.co/mp3-preview/b03b592db51b8b06e0b04b538630912849195a14,"John Mellencamp ""Jack & Diane""","rgb(161, 122, 16)",11956,540,114
k-pop girl group,https://p.scdn.co/mp3-preview/f31c5d3f900f3ce6a17768be01511f3bb6f88ce4,"FAVORITE ""Loca""","rgb(201, 130, 22)",3066,895,114
agronejo,https://p.scdn.co/mp3-preview/ecec95d36df4a884d48cf9a9bf3435105c36dde1,"Léo & Raphael ""Yellowstone - Ao Vivo""","rgb(199, 132, 0)",8501,847,113
modern country pop,https://p.scdn.co/mp3-preview/edec90019e2f14e4d9725ca680c572780061c930,"Warren Zeiders ""Pretty Little Poison""","rgb(153, 144, 0)",8297,533,113
electro house,https://p.scdn.co/mp3-preview/105556269db8065f39f5d17b348475f8bb19051b,"Laidback Luke ""Whistle (feat. Bertie Scott)""","rgb(208, 124, 79)",2180,839,113
latin hip hop,https://p.scdn.co/mp3-preview/da63a8ebe906550c058431a03e5cb0f31b3b839a,"Tito ""El Bambino"" ""Mi Cama Huele a Ti""","rgb(198, 134, 3)",3185,1153,113
canadian contemporary r&b,https://p.scdn.co/mp3-preview/0c441d7b02032c2ef15cd36d5ee1ce4ad1139e5d,"Savannah Ré ""Last One""","rgb(134, 151, 24)",9481,795,113
pop punk,https://p.scdn.co/mp3-preview/36b8ec978ad11bb619615356c1c3b11dfeb12dd8,"New Found Glory ""My Friends Over You""","rgb(209, 105, 8)",4549,327,113
neo mellow,https://p.scdn.co/mp3-preview/c1b502bb0df9f6392a788ef786bf7cb14b9bf070,"Matt Nathanson ""Come On Get Higher""","rgb(144, 142, 6)",10411,568,113
pop rock,https://p.scdn.co/mp3-preview/30e2a899a94a089d5c341b782b00aa802fd87610,"The Goo Goo Dolls ""Iris""","rgb(177, 128, 7)",6766,469,113
latin rock,https://p.scdn.co/mp3-preview/a5c1c6d54c02805228618fb5cf7496b6475086c9,"Los Fabulosos Cadillacs ""Vasos Vacíos - Remasterizado 2008""","rgb(178, 130, 18)",5289,711,113
punjabi pop,https://p.scdn.co/mp3-preview/93cc3918af0eb3406033007cb17425c11c232df7,"Jordan Sandhu ""Tareefan""","rgb(189, 132, 5)",10481,1005,113
rap metal,https://p.scdn.co/mp3-preview/63ad5c729897a9e7c044d1868f569d49e9be05c0,"Sevendust ""Denial""","rgb(217, 93, 24)",5651,433,113
trap argentino,https://p.scdn.co/mp3-preview/f2c1a85ee07437b3f29905e5975608608de617c6,"Bhavi ""AEROBICO REMIX""","rgb(156, 151, 7)",6336,1103,113
new romantic,https://p.scdn.co/mp3-preview/e17625c0d5ffe9165cec52e953f6175c7b1b5420,"Thompson Twins ""Hold Me Now""","rgb(179, 121, 28)",4646,689,113
new wave,https://p.scdn.co/mp3-preview/37e6049e5c604a5a0b0c0c5ef68208f72e0fed38,"The Human League ""Don't You Want Me""","rgb(184, 116, 33)",5140,607,113
uk dance,https://p.scdn.co/mp3-preview/d156060faa3d61d5fa3ea817f7ebc4008a954549,"Nathan Dawe ""21 Reasons (feat. Ella Henderson)""","rgb(199, 132, 47)",2202,947,113
slap house,https://p.scdn.co/mp3-preview/2c4b983548830cd246d4a10a451a1c1f2fb25efa,"VINAI ""Rise Up (feat. Vamero)""","rgb(204, 130, 50)",2352,868,113
modern alternative rock,https://p.scdn.co/mp3-preview/19089162cd7d61e5cc80fbc1623332df0c59baa3,"Nothing But Thieves ""Overcome""","rgb(190, 119, 19)",5114,443,112
indie pop,https://p.scdn.co/mp3-preview/24014ce72466a645baf03cee71fb065bfffef740,"Phoebe Bridgers ""Motion Sickness""","rgb(129, 147, 30)",11292,573,112
indie rock,https://p.scdn.co/mp3-preview/85280509156c3f6ba4f72d9c25f455f72e9f8240,"Grizzly Bear ""Two Weeks""","rgb(161, 130, 58)",9921,469,112
house,https://p.scdn.co/mp3-preview/81e1063337ea616b86a2b74f559af056f0c36fd5,"MK ""Rhyme Dust""","rgb(203, 128, 108)",1379,1108,112
conscious hip hop,https://p.scdn.co/mp3-preview/74e3a56842f5000be3a9f26a27e37ac90dcf7363,"Mos Def ""Ms. Fat Booty""","rgb(176, 120, 12)",10057,1041,112
modern country rock,https://p.scdn.co/mp3-preview/ff703a1976b763fb8a31305765a650e299c6c603,"Kip Moore ""Somethin' 'Bout A Truck""","rgb(177, 132, 1)",5468,530,112
east coast hip hop,https://p.scdn.co/mp3-preview/cea4658190b7d2e1ea6d960db419f18e65e9a2e7,"Kool G Rap ""Fast Life (with Nas)""","rgb(180, 113, 14)",7975,1112,112
folk rock,https://p.scdn.co/mp3-preview/53ab746c37c717c20f793598064b7f720877b646,"Buffalo Springfield ""For What It's Worth""","rgb(127, 134, 14)",14550,650,112
metal,https://p.scdn.co/mp3-preview/2121bedf135b44a9f49cce6f4c8b003959c16826,"King Diamond ""Abigail - Reissue""","rgb(220, 78, 60)",8923,214,112
turkish pop,https://p.scdn.co/mp3-preview/0402af5596e6ca5b7a9dbedc81b0621e2fbd13d4,"Burcu Güneş ""Anıları Yak""","rgb(162, 136, 11)",7681,744,112
bedroom pop,https://p.scdn.co/mp3-preview/8b7ebeab31351c105a4136630edc77238cfb2959,"Jakob ""You Might Be Sleeping""","rgb(128, 148, 36)",9805,716,112
desi pop,https://p.scdn.co/mp3-preview/adc1a73cffab5e6edea79f5a481257068f929f46,"Sachet Tandon ""Malang Sajna""","rgb(155, 148, 7)",9243,813,112
italian hip hop,https://p.scdn.co/mp3-preview/de40bf03511289536ab80dcf98587bad99079a28,"Izi ""Chic""","rgb(179, 138, 6)",8939,973,112
hoerspiel,https://p.scdn.co/mp3-preview/bf6f16f3fd476f2bdc730f533a2ccb98f5c69a5a,"Die Originale ""076 - Die Bremer Stadtmusikanten - Teil 01""","rgb(94, 103, 0)",16131,1325,112
afrobeats,https://p.scdn.co/mp3-preview/d9b97825d2fd155ef58cc5d3693b6e3b09ca8b42,"Ice Prince ""KOLO (feat. Oxlade)""","rgb(184, 136, 6)",8601,1066,112
adult standards,https://p.scdn.co/mp3-preview/5d608551226ae776c0f90d719b0efc6486368b7b,"Perry Como ""Papa Loves Mambo""","rgb(80, 143, 27)",18832,700,112
post-teen pop,https://p.scdn.co/mp3-preview/5c12459078663a786a28fc43ad3dd306f6bf6bc5,"Jesse McCartney ""Beautiful Soul""","rgb(177, 134, 4)",4676,711,112
neo soul,https://p.scdn.co/mp3-preview/426cd317745626f2b0f3acd09f32bc986363084e,"Angie Stone ""Wish I Didn't Miss You""","rgb(124, 138, 13)",13763,772,111
sped up,https://p.scdn.co/mp3-preview/05956518dbeace260858a0d29f13c006381dcb25,"sped up nightcore ""SPIT IN MY FACE! (ThxSoMch) - Sped Up Version""","rgb(152, 147, 54)",5314,864,111
cloud rap,https://p.scdn.co/mp3-preview/a0e1301cc3d01afc3d523742ce76fe53cc82a5bf,"Cold Hart ""Me and You""","rgb(125, 147, 40)",8664,866,111
viral pop,https://p.scdn.co/mp3-preview/514581d4aa2483fc1ad89a46417418893aa387f1,"Sam Tsui ""Easy On Me - Piano Acoustic""","rgb(132, 149, 6)",10233,765,111
talent show,https://p.scdn.co/mp3-preview/9569ed39233720069f71c9e0503af9b2862c33d6,"Olly Murs ""Troublemaker (feat. Flo Rida)""","rgb(177, 132, 5)",4617,683,111
spanish pop,https://p.scdn.co/mp3-preview/73b5ecb7b405bb04a7add957841a43022d4bf9aa,"El Canto Del Loco ""Zapatillas""","rgb(181, 132, 5)",6665,758,111
punk,https://p.scdn.co/mp3-preview/fca55654c7bbd62eaa1455a33b0dfaf8c9503d1c,"Dead Kennedys ""Holiday in Cambodia - Single Version""","rgb(215, 84, 33)",8873,350,111
alternative r&b,https://p.scdn.co/mp3-preview/46d659581011d901f8cd9a0870c6e3d46a39e603,"Mereba ""Sandstorm (feat. JID)""","rgb(147, 142, 15)",10520,967,111
grupera,https://p.scdn.co/mp3-preview/716615ade6dbed7c583bcf3df77ea7dc05aec60a,"Viento Y Sol ""Par De Anillos""","rgb(154, 145, 5)",9816,921,111
west coast rap,https://p.scdn.co/mp3-preview/36d6ea8f93e43ba531103e228d23fcc4db2851f0,"Dru Down ""Pimp Of The Year""","rgb(173, 122, 7)",5478,1159,111
opm,https://p.scdn.co/mp3-preview/c41f36887dbab20b60ca7da3ab210abe6ad9db73,"Moonstar88 ""Migraine""","rgb(121, 151, 17)",12474,563,111
boy band,https://p.scdn.co/mp3-preview/261d429233ad5f69295d41d5a7a115a9b79c59ef,"All-4-One ""I Swear""","rgb(171, 131, 3)",3653,718,111
psychedelic rock,https://p.scdn.co/mp3-preview/f39a05b57be781d6f8fe5aaf2c1fa5de56ce45e6,"Jefferson Airplane ""White Rabbit""","rgb(145, 122, 31)",13945,604,111
glam metal,https://p.scdn.co/mp3-preview/f807207569139ef31109694ef0d008e3ff7936e4,"Faster Pussycat ""House of Pain""","rgb(202, 97, 23)",8565,317,111
stomp and holler,https://p.scdn.co/mp3-preview/06879b94e321463fd8e20cb3d8b267d5f78c4450,"Langhorne Slim ""Changes""","rgb(129, 143, 27)",13256,530,111
desi hip hop,https://p.scdn.co/mp3-preview/b9c94b4e10a8e42716652ef0270e25b07a2e95d8,"Raga ""Rap Ka Mausam""","rgb(174, 139, 15)",6488,1056,111
ccm,https://p.scdn.co/mp3-preview/54802293b470f01b099abe7dbd42284da5d3fc23,"Ryan Stevenson ""Amadeo (Still My God)""","rgb(157, 138, 13)",7174,346,111
rage rap,https://p.scdn.co/mp3-preview/ad25333f0d85daff4e0a452a6158e5c37949f06f,"Rich Amiri ""AINT NOTHING""","rgb(152, 159, 4)",4454,957,111
hip pop,https://p.scdn.co/mp3-preview/53db459e35419d85ead0512b5144df7e1e176f6b,"Eve ""Let Me Blow Ya Mind""","rgb(166, 134, 5)",5113,1013,111
puerto rican pop,https://p.scdn.co/mp3-preview/523bf7dfbddbb52e0d03b60003a397efc61114c5,"Melina Leon ""Cuando una Mujer - Balada""","rgb(179, 136, 5)",6290,933,111
german pop,https://p.scdn.co/mp3-preview/6b4c397203176cc18b0b8939996c37bfc55c75a1,"Juli ""Perfekte Welle""","rgb(164, 133, 11)",6804,795,111
miami hip hop,https://p.scdn.co/mp3-preview/d527ddaab12b179d1cec2ad19d1514b8befe8fbf,"Desloc Piccalo ""Stick and Roll - Radio""","rgb(173, 135, 6)",4279,1068,111
argentine rock,https://p.scdn.co/mp3-preview/8643135dd3bed8ccc58e7702530d16c5f2e782e5,"Pappo ""Juntos a la Par""","rgb(170, 125, 21)",9011,615,111
sertanejo pop,https://p.scdn.co/mp3-preview/4cfaf79de15d0de9728980520e3fc1e80f486d5c,"Gustavo Moura & Rafael ""Digitando""","rgb(194, 133, 1)",8728,834,111
tropical,https://p.scdn.co/mp3-preview/19ec22ff7f245ccbf63467252bc04e0074ceefcc,"Jerry Rivera ""Amores Como el Nuestro""","rgb(176, 136, 5)",12948,1066,111
glam rock,https://p.scdn.co/mp3-preview/140ac147a161594b2af013c36f29ee52495df989,"T. Rex ""Get It On""","rgb(172, 113, 26)",11355,528,111
funk carioca,https://p.scdn.co/mp3-preview/00e6f782cba094089dc177063fe2db8cb0dcdc3b,"ZAAC ""Vai Embrazando""","rgb(179, 134, 5)",6550,1205,111
nigerian pop,https://p.scdn.co/mp3-preview/1bb47d08b57daaa52ed24ee384a386107cf260fb,"WurlD ""Sarafina""","rgb(180, 137, 6)",9344,1068,111
argentine hip hop,https://p.scdn.co/mp3-preview/83e28467673def81b5532925eed615b4da55c30f,"Neo Pistea ""Tumbando el Club (feat. C.R.O, Obiewanshot, YSY A, Cazzu, Khea, Lucho SSJ, Coqeéin Montana, Marcianos Crew & Duki) - Remix""","rgb(164, 143, 9)",7384,1114,110
dark trap,https://p.scdn.co/mp3-preview/654b151fb3c0c74e3805cabede80dd45f4d3ffdb,"Kamiyada+ ""ProductOfDrugs (Prod. The Virus and Antidote)""","rgb(165, 142, 22)",4354,973,110
latin viral pop,https://p.scdn.co/mp3-preview/c6b2cae3c5701c5403e3fa0cb752b8ae24c6d0d6,"Javier Ramirez ""Me Atrapó""","rgb(180, 141, 2)",4186,949,110
piano rock,https://p.scdn.co/mp3-preview/12219c6fd17e96b5196e2ec083d825ee8d13b8e3,"Jack's Mannequin ""Dark Blue - 2015 Remastered""","rgb(154, 130, 12)",12549,588,110
detroit hip hop,https://p.scdn.co/mp3-preview/2c1fc587ef0dc9573dd9c6452e436e47f69a9719,"Nuk ""Pluto""","rgb(167, 132, 10)",9970,1049,110
italian adult pop,https://p.scdn.co/mp3-preview/a69b65da846f07b6ffb06e02a1914416208f7e33,"Noemi ""MAKUMBA""","rgb(145, 139, 7)",12179,636,110
country rock,https://p.scdn.co/mp3-preview/13d49e04b9b549cf258c142773f90c2e457dd392,"Pure Prairie League ""Amie - Remastered January 1992""","rgb(135, 130, 19)",13862,680,110
underground hip hop,https://p.scdn.co/mp3-preview/7d078241996955770586cca4c131a0f40558473d,"Robb Bank$ ""It's Lifted""","rgb(160, 138, 16)",8488,988,110
mexican hip hop,https://p.scdn.co/mp3-preview/02245b0342a74112139e08d5a6bd80d349b305bd,"Eptos Uno ""Un Momento""","rgb(169, 132, 4)",6803,1112,110
progressive electro house,https://p.scdn.co/mp3-preview/fc6c1d0156677a3527dc7de9299a7137262761a4,"DubVision ""Electricity""","rgb(209, 125, 89)",2016,828,110
synthpop,https://p.scdn.co/mp3-preview/a3a5b270a25d4af63e81d324be86adeb536f5659,"Kajagoogoo ""Too Shy""","rgb(181, 121, 41)",3168,741,110
metropopolis,https://p.scdn.co/mp3-preview/60c0795cc706877dc802903376c2d3a2ac370644,"MS MR ""Hurricane""","rgb(167, 137, 38)",5410,535,110
garage rock,https://p.scdn.co/mp3-preview/cc73c19243cd3f3a33b726d2bceec7d49429abc7,"The Raconteurs ""Steady, As She Goes""","rgb(198, 102, 45)",9106,396,110
indie folk,https://p.scdn.co/mp3-preview/3d04dae43ab370eb9042255a155e7a84381a3f8a,"Gregory Alan Isakov ""Big Black Car""","rgb(104, 153, 33)",14512,593,110
vocal jazz,https://p.scdn.co/mp3-preview/7a59310caa3447875d61882e5d5eda6ce150018c,"Dinah Washington ""What A Diff'rence A Day Made""","rgb(75, 145, 45)",19562,795,110
classical,https://p.scdn.co/mp3-preview/13025c200f29b51f981e9821274b18090cd7d2d0,"Richard Strauss ""Morgen, Op. 27 No. 4 (Arr. Reger for Piano)""","rgb(36, 161, 147)",21730,380,110
europop,https://p.scdn.co/mp3-preview/eef43d18f73d83ff358852d874dd564f55e86932,"Ace of Base ""All That She Wants""","rgb(190, 127, 17)",2922,786,110
progressive house,https://p.scdn.co/mp3-preview/9f18c46f531313e319ff8db9554268e7bb1c586a,"Maor Levi ""Let You Go""","rgb(207, 125, 111)",2089,721,110
art rock,https://p.scdn.co/mp3-preview/c82f78cdb980913052039da865227c934160df33,"Yes ""Owner of a Lonely Heart""","rgb(145, 125, 41)",12934,521,110
yacht rock,https://p.scdn.co/mp3-preview/881049d7c8b8c47468326b0b1a4c57e70ff28944,"Ambrosia ""Biggest Part of Me""","rgb(141, 132, 24)",10904,746,110
mpb,https://p.scdn.co/mp3-preview/0ba092ccda5e2e6237cd15a9eadac6936bb0263b,"Ney Matogrosso ""Poema""","rgb(132, 140, 20)",14082,806,110
pagode,https://p.scdn.co/mp3-preview/ae2ea19c6d7f8bb6fd5fb6ec2be8fd9a068a55e1,"Katinguelê ""Inaraí""","rgb(173, 128, 2)",11529,830,110
tropical house,https://p.scdn.co/mp3-preview/de865e819c2ba4d4e2dbf04f505fe5a5c75dc99c,"FPXL ""Hold On To The Night""","rgb(178, 145, 27)",3569,864,110
urbano espanol,https://p.scdn.co/mp3-preview/37c30a46efb9e88375f5b4c38345dd29ae423dd4,"Soto Asa ""Smartphone""","rgb(164, 143, 7)",10083,1047,110
chamber pop,https://p.scdn.co/mp3-preview/59a07330c2c27ce938c105a5f72a8460825f3663,"Fleet Foxes ""White Winter Hymnal""","rgb(126, 142, 57)",13108,473,110
rap francais,https://p.scdn.co/mp3-preview/7d8d059f0e31f62b7637e4179130c6ecb3e1c391,"Shotas ""LVC""","rgb(164, 146, 2)",8502,1106,110
dance rock,https://p.scdn.co/mp3-preview/fa7015e65bf8da36eb49ef1fa02d247dbca2b293,"Frankie Goes To Hollywood ""Relax""","rgb(196, 114, 40)",2878,705,110
j-rock,https://p.scdn.co/mp3-preview/5324f9b2323a3b870768c91249d4ef0e195fc9dd,"Fujifabric ""若者のすべて""","rgb(198, 110, 23)",6062,404,110
polish hip hop,https://p.scdn.co/mp3-preview/3b612c95da130182200549e5a4ca758077f64c71,"Solar ""Intercontinental bajers""","rgb(177, 132, 9)",8038,1047,110
sleep,https://p.scdn.co/mp3-preview/2b6424283a97df5182999ca7f640d6f0edafbe1e,"One Stop ""Sleep Drone""","rgb(120, 0, 200)",17972,83,109
folk,https://p.scdn.co/mp3-preview/2f36f4b121e69fabee732851380402a0028029d3,"Lucinda Williams ""Fruits Of My Labor""","rgb(101, 145, 14)",15717,741,109
anime,https://p.scdn.co/mp3-preview/65c332d8b05c373ab3bbee46ceafe2d1a55059da,"亜咲花 ""SHINY DAYS""","rgb(185, 121, 45)",5555,414,109
trap brasileiro,https://p.scdn.co/mp3-preview/ffb6884aac810c2f3ba68663ff38cd2c09027ebe,"Nagalli ""Mal Intencionada (Já Foi, Já Era)""","rgb(147, 150, 6)",9541,1071,109
disco,https://p.scdn.co/mp3-preview/c8e62c272be0fd81117f2059aaa6b5eaaa1e5b73,"Sister Sledge ""We Are Family - 1995 Remaster""","rgb(160, 121, 18)",8690,881,109
pluggnb,https://p.scdn.co/mp3-preview/cff3d7b4ebfb38ff4076ea9ace89e79a815387cb,"GOONIE ""zaza""","rgb(140, 159, 5)",6524,885,109
british soul,https://p.scdn.co/mp3-preview/7c85f376ca9618554d26d16c4768431da5ce20af,"GABRIELLE ""Out Of Reach""","rgb(153, 138, 15)",6791,847,109
metalcore,https://p.scdn.co/mp3-preview/8e092b34292c9e65ebb185de3e118d15bfd39093,"Kingdom Of Giants ""Wasted Space""","rgb(230, 81, 33)",5143,207,109
australian pop,https://p.scdn.co/mp3-preview/803e0b2d3757f214588df21721da58a8425193b1,"Vanessa Amorosi ""Absolutely Everybody""","rgb(162, 137, 16)",6505,694,109
uk hip hop,https://p.scdn.co/mp3-preview/f337aef4bda66c39b5405c5b67a968bc40d2e4e0,"Sneakbo ""Love Is A Gamble (feat. Kida Kudz)""","rgb(174, 133, 14)",10672,1053,109
christian music,https://p.scdn.co/mp3-preview/68fdd2da7c8277320984e9397a7810dbebe5c23c,"Brandon Heath ""See Me Through It""","rgb(159, 136, 13)",7136,360,109
gen z singer-songwriter,https://p.scdn.co/mp3-preview/67258d7290a86faa76f0e433672986ec49b3a11e,"Sara Kays ""Remember That Night?""","rgb(113, 154, 2)",12547,760,109
electropop,https://p.scdn.co/mp3-preview/1842c05cf1ff91f264b06f7ef3f24ac9f9d0235d,"La Roux ""Bulletproof""","rgb(163, 140, 23)",5199,781,109
big room,https://p.scdn.co/mp3-preview/8d5e61c131a131747bae6c175b7bb7e2ab87a00c,"Reggio ""Closer""","rgb(211, 125, 74)",2236,760,109
forro,https://p.scdn.co/mp3-preview/3f796e5e22e265a6053dbecccbb20a0f0a191c56,"Avine Vinny ""Anota Aí - Ao Vivo""","rgb(199, 135, 3)",7729,965,109
swedish pop,https://p.scdn.co/mp3-preview/36cf13b4e5318f5e11e4fcd3f62db48468379492,"Miriam Bryant ""Under någon ny""","rgb(164, 136, 9)",6679,677,109
classic oklahoma country,https://p.scdn.co/mp3-preview/c532325862e13fc474846a96c49bf39a828aa2c3,"Joe Diffie ""Pickup Man""","rgb(111, 139, 20)",15249,786,109
reggaeton flow,https://p.scdn.co/mp3-preview/eeeec701e3156ea86afc34cd912ae01a09f01fe5,"Sammy & Falsetto ""Yo Sé Que Tú Quieres""","rgb(182, 145, 8)",4909,1144,109
pop nacional,https://p.scdn.co/mp3-preview/f648095024a94fb0a30c972d3995634a13375b88,"Manu Gavassi ""Deve ser horrível dormir sem mim""","rgb(173, 141, 5)",6928,935,109
british invasion,https://p.scdn.co/mp3-preview/e9ef32f32f8ecd35001b0d4a9edcbf992330094e,"Billy J. Kramer ""Bad to Me""","rgb(152, 125, 32)",12646,642,109
mexican rock,https://p.scdn.co/mp3-preview/e45755421e33849a741dce2469f7e5817d8c682c,"Tijuana No! ""Pobre De Ti""","rgb(185, 125, 28)",5348,636,109
indie soul,https://p.scdn.co/mp3-preview/632d6c82c76df12239b31e81936f7ca316a3d45b,"Tom Misch ""It Runs Through Me""","rgb(146, 141, 74)",7210,949,109
contemporary r&b,https://p.scdn.co/mp3-preview/96a6dd3d7f26c1cc2cb74095c3a1c76852063ef2,"Total ""Can't You See""","rgb(153, 135, 7)",5022,929,109
folk-pop,https://p.scdn.co/mp3-preview/91913c54e76ab68663419c0710d9fba7e2e9c82e,"The Head And The Heart ""Rivers and Roads""","rgb(136, 145, 10)",11056,583,109
white noise,https://p.scdn.co/mp3-preview/33a9df76283fb2b0ef8a43cdb5acd77b3cd8f803,"Fizzonaut ""Scandinavian Air""","rgb(110, 0, 199)",17985,0,109
pagode novo,https://p.scdn.co/mp3-preview/86d6b63e64bae75be99316c7a1446baf24046e38,"Suel ""Me Assume Ou Me Esquece - Ao Vivo""","rgb(176, 132, 1)",11955,795,109
soundtrack,https://p.scdn.co/mp3-preview/65272decca1ff641e3491bc32ec076e891d08697,"Harry Gregson-Williams ""Only The Beginning of The Adventure""","rgb(58, 156, 197)",16511,210,109
funk metal,https://p.scdn.co/mp3-preview/5a7418b48e2ce653e9f2fd5c68b74973d1ff18bf,"Faith No More ""Epic""","rgb(202, 101, 29)",7273,499,109
grunge,https://p.scdn.co/mp3-preview/1bc6b4e391d3d3f093a3b236bcf3ff91170c3e43,"Mudhoney ""Touch Me I'm Sick""","rgb(195, 100, 55)",10489,308,109
french pop,https://p.scdn.co/mp3-preview/c4ea074194e84f4d281e0adebbcc21b660b4259b,"Amir ""Longtemps""","rgb(158, 135, 8)",9855,711,109
emo rap,https://p.scdn.co/mp3-preview/7dfde7160ac2845663372b1da8fbf744326ef2fb,"93FEETOFSMOKE ""TOOTHPASTE - DEDLINE PHONK REMIX""","rgb(144, 151, 17)",6791,758,109
salsa,https://p.scdn.co/mp3-preview/ccc6a1cc99620938ba32a8432b93c2bdd2e8d1d9,"Lalo Rodriguez ""Ven Devórame Otra Vez""","rgb(166, 134, 22)",13887,1049,109
rain,https://p.scdn.co/mp3-preview/78526a03bdf71e1293c825f8f65b9bc54560d971,"The Wet ""Starting to rain""","rgb(169, 0, 195)",16949,45,109
r&b francais,https://p.scdn.co/mp3-preview/620e4ead4be92e33aeda73aeaa54046830c5bc5c,"KeBlack ""LAISSE MOI""","rgb(165, 150, 2)",8210,1015,109
lgbtq+ hip hop,https://p.scdn.co/mp3-preview/e1ca895f1408a9befc30d18f4cefe2ed19163ecb,"Mykki Blanco ""French Lessons""","rgb(170, 132, 20)",5493,1021,109
turkish rock,https://p.scdn.co/mp3-preview/3fd76c35dd584858b3506d00b2b6106340411d10,"Gece ""Ben Öldüm""","rgb(144, 137, 29)",10932,554,109
memphis hip hop,https://p.scdn.co/mp3-preview/fa0b03f966fef8984c484d2bf06c86f8c43b74d7,"Gangsta Blac ""Powder""","rgb(162, 144, 5)",3882,1141,109
mariachi,https://p.scdn.co/mp3-preview/4a82ad861eef70378068813c7ac9e6ac6f9eb935,"Mariachi Juvenil Tecalitlan ""El Sinaloense""","rgb(107, 153, 42)",15208,765,109
brostep,https://p.scdn.co/mp3-preview/c5e0615c964cc67092a5f8f73314ae2f5a66271d,"Eptic ""Wall Of Death""","rgb(212, 125, 66)",2864,802,109
classic soul,https://p.scdn.co/mp3-preview/aaa5ade3fb7152515dc70e4814d98ccff6d91be9,"The Persuaders ""Thin Line Between Love and Hate""","rgb(127, 130, 15)",14736,802,109
funk mtg,https://p.scdn.co/mp3-preview/1338c58c38aefa05be096424a64cac2e6f6a1b29,"DJ 2K DO TAQUARIL ""Se Tu Gamar Eu Só Lamento""","rgb(175, 133, 8)",8253,1261,109
trap triste,https://p.scdn.co/mp3-preview/0e73b1f9c765d92072892f72d8845f4460743abf,"Asan ""Vamonos""","rgb(147, 155, 6)",7987,1005,109
dirty south rap,https://p.scdn.co/mp3-preview/fd5772f3ae3cb39081bf578929ebe1e0790f1e8a,"Lil' Flip ""Sunshine (feat. Lea)""","rgb(168, 134, 3)",5026,1088,109
melodic metalcore,https://p.scdn.co/mp3-preview/819ad3103bc07695733e8148d15a569a08041464,"Unearth ""My Will Be Done""","rgb(233, 76, 47)",5715,201,109
blues rock,https://p.scdn.co/mp3-preview/8563d016ae70ed290ba446194adbe39f0cbf3cdb,"Derek & The Dominos ""Layla""","rgb(149, 119, 35)",14688,781,109
alternative hip hop,https://p.scdn.co/mp3-preview/e509ca2df41771f01e4f5ca6fad82ba6827d5423,"Jaylib ""The Official""","rgb(177, 119, 34)",11265,977,108
melancholia,https://p.scdn.co/mp3-preview/48a0c49f1b9535c993aa10f214ebff14a3ceaef9,"Low ""Lullaby""","rgb(114, 145, 51)",13589,469,108
pop soul,https://p.scdn.co/mp3-preview/3970f8df24bee0f6bbed7357e000d1b14e044628,"Emily King ""Distance""","rgb(135, 145, 12)",9831,799,108
brazilian gospel,https://p.scdn.co/mp3-preview/8807f93fb5e89db553829884577225650d24a0ad,"Marquinhos Gomes ""Ele Não Desiste de Você""","rgb(146, 143, 22)",11243,508,108
outlaw country,https://p.scdn.co/mp3-preview/444145a43f331b42343b9c4b4e6d300eb3c178b5,"Billy Joe Shaver ""Live Forever""","rgb(114, 137, 10)",14946,893,108
orchestral soundtrack,https://p.scdn.co/mp3-preview/e8ec3e571c1898f6959896f0e081d8e4e7108dc7,"John Powell ""Test Drive - From How To Train Your Dragon Music From The Motion Picture""","rgb(63, 155, 189)",17224,247,108
dutch house,https://p.scdn.co/mp3-preview/f81e2e8a2bb25f1c8eedd11622ca9cfdb8eb9cd4,"Blasterjaxx ""Narco""","rgb(210, 122, 82)",2339,832,108
turkish hip hop,https://p.scdn.co/mp3-preview/202637ec2c18111a4ce5c5c141e9270b3af029fe,"Sansar Salvo ""Dum Taka Dum""","rgb(167, 138, 16)",6703,1030,108
queens hip hop,https://p.scdn.co/mp3-preview/0f64f9256df3a68f05e59f6478fb4de8e1b79c29,"Tragedy Khadafi ""1st Day of Spring""","rgb(182, 116, 8)",9606,1070,108
christian alternative rock,https://p.scdn.co/mp3-preview/e7d1c84e75a3dfebf350d2a33fc25bfd64684a19,"Sanctus Real ""Confidence""","rgb(169, 132, 15)",5816,392,108
mandopop,https://p.scdn.co/mp3-preview/b2f0df35d5194e7889bc92d44b67424bc080ad9e,"Princess Ai ""對的人""","rgb(139, 145, 7)",9986,583,108
